"","country","date","total_cases","new_cases","new_cases_smoothed","total_cases_per_million","new_cases_per_million","new_cases_smoothed_per_million","total_deaths","new_deaths","new_deaths_smoothed","total_deaths_per_million","new_deaths_per_million","new_deaths_smoothed_per_million","excess_mortality","excess_mortality_cumulative","excess_mortality_cumulative_absolute","excess_mortality_cumulative_per_million","hosp_patients","hosp_patients_per_million","weekly_hosp_admissions","weekly_hosp_admissions_per_million","icu_patients","icu_patients_per_million","weekly_icu_admissions","weekly_icu_admissions_per_million","stringency_index","reproduction_rate","total_tests","new_tests","total_tests_per_thousand","new_tests_per_thousand","new_tests_smoothed","new_tests_smoothed_per_thousand","positive_rate","tests_per_case","total_vaccinations","people_vaccinated","people_fully_vaccinated","total_boosters","new_vaccinations","new_vaccinations_smoothed","total_vaccinations_per_hundred","people_vaccinated_per_hundred","people_fully_vaccinated_per_hundred","total_boosters_per_hundred","new_vaccinations_smoothed_per_million","new_people_vaccinated_smoothed","new_people_vaccinated_smoothed_per_hundred","code","continent","population","population_density","median_age","life_expectancy","gdp_per_capita","extreme_poverty","diabetes_prevalence","handwashing_facilities","hospital_beds_per_thousand","human_development_index"
"460409","United Kingdom","2020-03-04",133,41,12.857142,1.9507396,0.60135585,0.18857849,4,1,0.14285715,0.058668863,0.014667216,0.0020953165,NA,NA,NA,NA,NA,NA,NA,NA,NA,NA,NA,NA,11.11,2.3963,NA,NA,NA,NA,NA,NA,NA,NA,NA,NA,NA,NA,NA,NA,NA,NA,NA,NA,NA,NA,NA,"GBR","Europe",68179267,281.81403,39.504,NA,47587.168,0.24510054,6.3,NA,2.46,0.94
"460410","United Kingdom","2020-03-05",191,58,20.714285,2.801438,0.8506985,0.30382088,4,0,0.14285715,0.058668863,0,0.0020953165,NA,NA,NA,NA,NA,NA,NA,NA,NA,NA,NA,NA,11.11,2.4077,NA,NA,NA,NA,NA,NA,NA,NA,NA,NA,NA,NA,NA,NA,NA,NA,NA,NA,NA,NA,NA,"GBR","Europe",68179267,281.81403,39.504,NA,47587.168,0.24510054,6.3,NA,2.46,0.94
"460411","United Kingdom","2020-03-06",247,56,28.428572,3.6228023,0.82136405,0.416968,5,1,0.2857143,0.07333608,0.014667216,0.004190633,NA,NA,NA,NA,NA,NA,NA,NA,NA,NA,NA,NA,11.11,2.4272,NA,NA,NA,NA,NA,NA,NA,NA,NA,NA,NA,NA,NA,NA,NA,NA,NA,NA,NA,NA,NA,"GBR","Europe",68179267,281.81403,39.504,NA,47587.168,0.24510054,6.3,NA,2.46,0.94
"460412","United Kingdom","2020-03-07",296,49,34.285713,4.341496,0.71869355,0.502876,7,2,0.5714286,0.102670506,0.029334432,0.008381266,NA,NA,NA,NA,NA,NA,NA,NA,NA,NA,NA,NA,11.11,2.4488,NA,NA,NA,NA,NA,NA,NA,NA,NA,NA,NA,NA,NA,NA,NA,NA,NA,NA,NA,NA,NA,"GBR","Europe",68179267,281.81403,39.504,NA,47587.168,0.24510054,6.3,NA,2.46,0.94
"460413","United Kingdom","2020-03-08",379,83,44.42857,5.5588746,1.2173789,0.65164346,9,2,0.85714287,0.13200495,0.029334432,0.012571899,-5.4633517,-4.2380304,-5888.201,-87.80566,NA,NA,NA,NA,NA,NA,NA,NA,11.11,2.4747,NA,NA,NA,NA,NA,NA,NA,NA,NA,NA,NA,NA,NA,NA,NA,NA,NA,NA,NA,NA,NA,"GBR","Europe",68179267,281.81403,39.504,NA,47587.168,0.24510054,6.3,NA,2.46,0.94
"460414","United Kingdom","2020-03-09",447,68,53.57143,6.5562453,0.99737066,0.7857437,9,0,0.85714287,0.13200495,0,0.012571899,NA,NA,NA,NA,NA,NA,NA,NA,NA,NA,NA,NA,11.11,2.505,NA,NA,NA,NA,NA,NA,NA,NA,NA,NA,NA,NA,NA,NA,NA,NA,NA,NA,NA,NA,NA,"GBR","Europe",68179267,281.81403,39.504,NA,47587.168,0.24510054,6.3,NA,2.46,0.94
"460415","United Kingdom","2020-03-10",502,55,58.57143,7.362942,0.80669683,0.8590798,11,2,1.1428572,0.16133937,0.029334432,0.016762532,NA,NA,NA,NA,NA,NA,NA,NA,NA,NA,NA,NA,11.11,2.527,NA,NA,NA,NA,NA,NA,NA,NA,NA,NA,NA,NA,NA,NA,NA,NA,NA,NA,NA,NA,NA,"GBR","Europe",68179267,281.81403,39.504,NA,47587.168,0.24510054,6.3,NA,2.46,0.94
"460416","United Kingdom","2020-03-11",650,148,73.85714,9.53369,2.170748,1.0832787,16,5,1.7142857,0.23467545,0.07333608,0.025143798,NA,NA,NA,NA,NA,NA,NA,NA,NA,NA,NA,NA,11.11,2.5275,NA,NA,NA,NA,NA,NA,NA,NA,NA,NA,NA,NA,NA,NA,NA,NA,NA,NA,NA,NA,NA,"GBR","Europe",68179267,281.81403,39.504,NA,47587.168,0.24510054,6.3,NA,2.46,0.94
"460417","United Kingdom","2020-03-12",915,265,103.42857,13.420502,3.8868122,1.5170091,19,3,2.142857,0.2786771,0.044001646,0.03142975,NA,NA,NA,NA,NA,NA,NA,NA,NA,NA,NA,NA,11.11,2.502,NA,NA,NA,NA,NA,NA,NA,NA,NA,NA,NA,NA,NA,NA,NA,NA,NA,NA,NA,NA,NA,"GBR","Europe",68179267,281.81403,39.504,NA,47587.168,0.24510054,6.3,NA,2.46,0.94
"460418","United Kingdom","2020-03-13",1318,403,153,19.33139,5.9108877,2.244084,26,7,3,0.3813476,0.102670506,0.044001646,NA,NA,NA,NA,NA,NA,NA,NA,NA,NA,NA,NA,12.96,2.4592,NA,NA,NA,NA,NA,NA,NA,NA,NA,NA,NA,NA,NA,NA,NA,NA,NA,NA,NA,NA,NA,"GBR","Europe",68179267,281.81403,39.504,NA,47587.168,0.24510054,6.3,NA,2.46,0.94
"460419","United Kingdom","2020-03-14",1802,484,215.14285,26.430323,7.0989323,3.1555467,39,13,4.571429,0.5720214,0.1906738,0.06705013,NA,NA,NA,NA,NA,NA,NA,NA,NA,NA,NA,NA,12.96,2.4137,NA,NA,NA,NA,NA,NA,NA,NA,NA,NA,NA,NA,NA,NA,NA,NA,NA,NA,NA,NA,NA,"GBR","Europe",68179267,281.81403,39.504,NA,47587.168,0.24510054,6.3,NA,2.46,0.94
"460420","United Kingdom","2020-03-15",2280,478,271.57144,33.44125,7.010929,3.9831967,55,16,6.571429,0.80669683,0.23467545,0.09638456,-1.6572144,-4.0210967,-6099.501,-90.95659,NA,NA,NA,NA,NA,NA,NA,NA,12.96,2.3691,NA,NA,NA,NA,NA,NA,NA,NA,NA,NA,NA,NA,NA,NA,NA,NA,NA,NA,NA,NA,NA,"GBR","Europe",68179267,281.81403,39.504,NA,47587.168,0.24510054,6.3,NA,2.46,0.94
"460421","United Kingdom","2020-03-16",2632,352,312.14285,38.60411,5.16286,4.5782666,76,21,9.571428,1.1147084,0.30801153,0.14038621,NA,NA,NA,NA,NA,NA,NA,NA,NA,NA,NA,NA,16.67,2.3236,NA,NA,NA,NA,NA,NA,NA,NA,NA,NA,NA,NA,NA,NA,NA,NA,NA,NA,NA,NA,NA,"GBR","Europe",68179267,281.81403,39.504,NA,47587.168,0.24510054,6.3,NA,2.46,0.94
"460422","United Kingdom","2020-03-17",3073,441,367.2857,45.072353,6.468242,5.3870587,106,30,13.571428,1.5547248,0.44001648,0.19905506,NA,NA,NA,NA,NA,NA,NA,NA,NA,NA,NA,NA,22.22,2.2846,NA,NA,NA,NA,NA,NA,NA,NA,NA,NA,NA,NA,NA,NA,NA,NA,NA,NA,NA,NA,NA,"GBR","Europe",68179267,281.81403,39.504,NA,47587.168,0.24510054,6.3,NA,2.46,0.94
"460423","United Kingdom","2020-03-18",3675,602,432.14285,53.902016,8.829663,6.338332,156,50,20,2.2880857,0.73336077,0.29334432,NA,NA,NA,NA,NA,NA,NA,NA,NA,NA,NA,NA,31.48,2.2497,NA,NA,NA,NA,NA,NA,NA,NA,NA,NA,NA,NA,NA,NA,NA,NA,NA,NA,NA,NA,NA,"GBR","Europe",68179267,281.81403,39.504,NA,47587.168,0.24510054,6.3,NA,2.46,0.94
"460424","United Kingdom","2020-03-19",4458,783,506.14285,65.386444,11.484429,7.4237065,214,58,27.857143,3.1387842,0.8506985,0.4085867,NA,NA,NA,NA,NA,NA,NA,NA,NA,NA,NA,NA,31.48,2.218,NA,NA,NA,NA,NA,NA,NA,NA,NA,NA,NA,NA,NA,NA,NA,NA,NA,NA,NA,NA,NA,"GBR","Europe",68179267,281.81403,39.504,NA,47587.168,0.24510054,6.3,NA,2.46,0.94
"460425","United Kingdom","2020-03-20",5442,984,589.1429,79.818985,14.43254,8.641086,287,73,37.285713,4.209491,1.0707067,0.5468776,NA,NA,NA,NA,NA,NA,NA,NA,NA,NA,NA,NA,37.04,2.1878,NA,NA,NA,NA,NA,NA,NA,NA,NA,NA,NA,NA,NA,NA,NA,NA,NA,NA,NA,NA,NA,"GBR","Europe",68179267,281.81403,39.504,NA,47587.168,0.24510054,6.3,NA,2.46,0.94
"460426","United Kingdom","2020-03-21",6482,1040,668.5714,95.07289,15.253904,9.806081,366,79,46.714287,5.368201,1.15871,0.6851685,NA,NA,NA,NA,NA,NA,NA,NA,NA,NA,NA,NA,47.22,2.1555,NA,NA,NA,NA,NA,NA,NA,NA,NA,NA,NA,NA,NA,NA,NA,NA,NA,NA,NA,NA,NA,"GBR","Europe",68179267,281.81403,39.504,NA,47587.168,0.24510054,6.3,NA,2.46,0.94
"460427","United Kingdom","2020-03-22",7735,1253,779.2857,113.45091,18.378021,11.429952,484,118,61.285713,7.0989323,1.7307314,0.8988908,0.3604126,-3.698163,-6056.001,-90.307915,NA,NA,NA,NA,NA,NA,NA,NA,62.04,2.1194,NA,NA,NA,NA,NA,NA,NA,NA,NA,NA,NA,NA,NA,NA,NA,NA,NA,NA,NA,NA,NA,"GBR","Europe",68179267,281.81403,39.504,NA,47587.168,0.24510054,6.3,NA,2.46,0.94
"460428","United Kingdom","2020-03-23",8918,1183,898,130.80223,17.351316,13.17116,627,143,78.71429,9.196344,2.0974119,1.1545194,NA,NA,NA,NA,NA,NA,NA,NA,NA,NA,NA,NA,78.24,2.0778,NA,NA,NA,NA,NA,NA,NA,NA,NA,NA,NA,NA,NA,NA,NA,NA,NA,NA,NA,NA,NA,"GBR","Europe",68179267,281.81403,39.504,NA,47587.168,0.24510054,6.3,NA,2.46,0.94
"460429","United Kingdom","2020-03-24",10279,1361,1029.4286,150.76431,19.96208,15.09885,810,183,100.57143,11.880445,2.6841004,1.4751028,NA,NA,NA,NA,NA,NA,NA,NA,NA,NA,NA,NA,79.63,2.0291,NA,NA,NA,NA,NA,NA,NA,NA,NA,NA,NA,NA,NA,NA,NA,NA,NA,NA,NA,NA,NA,"GBR","Europe",68179267,281.81403,39.504,NA,47587.168,0.24510054,6.3,NA,2.46,0.94
"460430","United Kingdom","2020-03-25",12568,2289,1270.4286,184.33757,33.573257,18.63365,1016,206,122.85714,14.901891,3.0214465,1.8019722,NA,NA,NA,NA,NA,NA,NA,NA,NA,NA,NA,NA,79.63,1.981,NA,NA,NA,NA,NA,NA,NA,NA,NA,NA,NA,NA,NA,NA,NA,NA,NA,NA,NA,NA,NA,"GBR","Europe",68179267,281.81403,39.504,NA,47587.168,0.24510054,6.3,NA,2.46,0.94
"460431","United Kingdom","2020-03-26",14921,2353,1494.7142,218.84952,34.51196,21.923296,1279,263,152.14285,18.759369,3.8574777,2.231512,NA,NA,NA,NA,NA,NA,NA,NA,NA,NA,NA,NA,79.63,1.9358,NA,NA,NA,NA,NA,NA,NA,NA,NA,NA,NA,NA,NA,NA,NA,NA,NA,NA,NA,NA,NA,"GBR","Europe",68179267,281.81403,39.504,NA,47587.168,0.24510054,6.3,NA,2.46,0.94
"460432","United Kingdom","2020-03-27",17587,2666,1735,257.95233,39.102795,25.447618,1616,337,189.85715,23.70222,4.9428515,2.7846756,NA,NA,NA,NA,NA,NA,NA,NA,NA,NA,NA,NA,79.63,1.8889,NA,NA,NA,NA,NA,NA,NA,NA,NA,NA,NA,NA,NA,NA,NA,NA,NA,NA,NA,NA,NA,"GBR","Europe",68179267,281.81403,39.504,NA,47587.168,0.24510054,6.3,NA,2.46,0.94
"460433","United Kingdom","2020-03-28",20626,3039,2020.5714,302.526,44.57367,29.636156,2026,410,237.14285,29.715778,6.0135584,3.4782255,NA,NA,NA,NA,NA,NA,NA,NA,NA,NA,NA,NA,79.63,1.8411,NA,NA,NA,NA,NA,NA,NA,NA,NA,NA,NA,NA,NA,NA,NA,NA,NA,NA,NA,NA,NA,"GBR","Europe",68179267,281.81403,39.504,NA,47587.168,0.24510054,6.3,NA,2.46,0.94
"460434","United Kingdom","2020-03-29",23781,3155,2292.2856,348.80106,46.275066,33.62145,2489,463,286.42856,36.5067,6.7909207,4.2011094,7.7040997,-2.943087,-5161.301,-76.96602,NA,NA,NA,NA,NA,NA,NA,NA,79.63,1.7914,NA,NA,NA,NA,NA,NA,NA,NA,NA,NA,NA,NA,NA,NA,NA,NA,NA,NA,NA,NA,NA,"GBR","Europe",68179267,281.81403,39.504,NA,47587.168,0.24510054,6.3,NA,2.46,0.94
"460435","United Kingdom","2020-03-30",26555,2774,2519.5715,389.4879,40.686855,36.955097,3005,516,339.7143,44.07498,7.568283,4.9826627,NA,NA,NA,NA,NA,NA,NA,NA,NA,NA,NA,NA,79.63,1.7416,NA,NA,NA,NA,NA,NA,NA,NA,NA,NA,NA,NA,NA,NA,NA,NA,NA,NA,NA,NA,NA,"GBR","Europe",68179267,281.81403,39.504,NA,47587.168,0.24510054,6.3,NA,2.46,0.94
"460436","United Kingdom","2020-03-31",29373,2818,2727.7144,430.82013,41.332214,40.007973,3590,585,397.14285,52.655304,8.580321,5.82498,NA,NA,NA,NA,NA,NA,NA,NA,NA,NA,NA,NA,79.63,1.6908,155174,NA,2.306,NA,NA,NA,NA,NA,NA,NA,NA,NA,NA,NA,NA,NA,NA,NA,NA,NA,NA,"GBR","Europe",68179267,281.81403,39.504,NA,47587.168,0.24510054,6.3,NA,2.46,0.94
"460437","United Kingdom","2020-04-01",33568,4195,3000,492.3491,61.52897,44.001648,4300,710,469.14285,63.069027,10.413723,6.8810196,NA,NA,NA,NA,13431,198.951,NA,NA,NA,NA,NA,NA,79.63,1.6415,167098,11924,2.484,0.177,NA,NA,NA,NA,NA,NA,NA,NA,NA,NA,NA,NA,NA,NA,NA,NA,NA,"GBR","Europe",68179267,281.81403,39.504,NA,47587.168,0.24510054,6.3,NA,2.46,0.94
"460438","United Kingdom","2020-04-02",38031,4463,3301.4285,557.8089,65.459785,48.422764,5127,827,549.7143,75.198814,12.129787,8.0627775,NA,NA,NA,NA,13650,202.195,NA,NA,1813,26.856,NA,NA,79.63,1.594,182047,14949,2.706,0.222,NA,NA,NA,NA,NA,NA,NA,NA,NA,NA,NA,NA,NA,NA,NA,NA,NA,"GBR","Europe",68179267,281.81403,39.504,NA,47587.168,0.24510054,6.3,NA,2.46,0.94
"460439","United Kingdom","2020-04-03",42922,4891,3619.2856,629.5462,71.73735,53.084843,6049,922,633.2857,88.721985,13.523172,9.288538,NA,NA,NA,NA,15327,227.037,NA,NA,2120,31.403,NA,NA,79.63,1.5479,222937,40890,3.314,0.608,NA,NA,NA,NA,NA,NA,NA,NA,NA,NA,NA,NA,NA,NA,NA,NA,NA,"GBR","Europe",68179267,281.81403,39.504,NA,47587.168,0.24510054,6.3,NA,2.46,0.94
"460440","United Kingdom","2020-04-04",47746,4824,3874.2856,700.30084,70.75465,56.82498,7055,1006,718.4286,103.4772,14.7552185,10.537347,NA,NA,NA,NA,17269,255.803,NA,NA,2309,34.203,NA,NA,79.63,1.5025,238836,15899,3.55,0.236,NA,NA,NA,NA,NA,NA,NA,NA,NA,NA,NA,NA,NA,NA,NA,NA,NA,"GBR","Europe",68179267,281.81403,39.504,NA,47587.168,0.24510054,6.3,NA,2.46,0.94
"460441","United Kingdom","2020-04-05",52599,4853,4116.857,771.4809,71.18,60.38283,8111,1056,803.1429,118.96578,15.48858,11.779869,58.071297,0.88662,1658.999,24.73922,18619,275.801,NA,NA,2469,36.573,NA,NA,79.63,1.4573,251569,12733,3.739,0.189,NA,NA,NA,NA,NA,NA,NA,NA,NA,NA,NA,NA,NA,NA,NA,NA,NA,"GBR","Europe",68179267,281.81403,39.504,NA,47587.168,0.24510054,6.3,NA,2.46,0.94
"460442","United Kingdom","2020-04-06",56575,3976,4288.5713,829.7977,58.31685,62.9014,9257,1146,893.1429,135.77441,16.808628,13.099918,NA,NA,NA,NA,19252,285.177,NA,NA,2644,39.165,NA,NA,79.63,1.4137,265885,14316,3.952,0.213,NA,NA,NA,NA,NA,NA,NA,NA,NA,NA,NA,NA,NA,NA,NA,NA,NA,"GBR","Europe",68179267,281.81403,39.504,NA,47587.168,0.24510054,6.3,NA,2.46,0.94
"460443","United Kingdom","2020-04-07",60131,3556,4394,881.95435,52.15662,64.44775,10476,1219,983.7143,153.65375,17.879335,14.4283495,NA,NA,NA,NA,20000,296.257,21649,320.683,2864,42.424,NA,NA,79.63,1.3718,280304,14419,4.166,0.214,17876,0.266,24.580442,4.068275,NA,NA,NA,NA,NA,NA,NA,NA,NA,NA,NA,NA,NA,"GBR","Europe",68179267,281.81403,39.504,NA,47587.168,0.24510054,6.3,NA,2.46,0.94
"460444","United Kingdom","2020-04-08",65404,5273,4548,959.29456,77.340225,66.7065,11644,1168,1049.1428,170.78505,17.131308,15.388004,NA,NA,NA,NA,20512,303.841,21066,312.048,2967,43.95,NA,NA,79.63,1.3321,296747,16443,4.411,0.244,18521,0.275,24.568176,4.0703073,NA,NA,NA,NA,NA,NA,NA,NA,NA,NA,NA,NA,NA,"GBR","Europe",68179267,281.81403,39.504,NA,47587.168,0.24510054,6.3,NA,2.46,0.94
"460445","United Kingdom","2020-04-09",70881,5477,4692.857,1039.627,80.33234,68.83115,12936,1292,1115.5714,189.73509,18.950043,16.362326,NA,NA,NA,NA,20795,308.033,20433,302.671,2963,43.89,NA,NA,79.63,1.2972,315141,18394,4.684,0.273,19013,0.283,24.606237,4.06403,NA,NA,NA,NA,NA,NA,NA,NA,NA,NA,NA,NA,NA,"GBR","Europe",68179267,281.81403,39.504,NA,47587.168,0.24510054,6.3,NA,2.46,0.94
"460446","United Kingdom","2020-04-10",76027,5146,4729.2856,1115.1044,75.47749,69.365456,14395,1459,1192.2858,211.13457,21.399467,17.48751,NA,NA,NA,NA,21092,312.433,19977,295.916,3228,47.816,NA,NA,79.63,1.2663,332925,17784,4.948,0.264,15713,0.234,25.979156,3.878645,NA,NA,NA,NA,NA,NA,NA,NA,NA,NA,NA,NA,NA,"GBR","Europe",68179267,281.81403,39.504,NA,47587.168,0.24510054,6.3,NA,2.46,0.94
"460447","United Kingdom","2020-04-11",80902,4875,4736.5713,1186.607,71.50268,69.47231,15766,1371,1244.4286,231.24332,20.108753,18.252302,NA,NA,NA,NA,21075,312.181,19237,284.955,3274,48.497,NA,NA,79.63,1.2388,350575,17650,5.211,0.262,15963,0.237,26.717764,3.776948,NA,NA,NA,NA,NA,NA,NA,NA,NA,NA,NA,NA,NA,"GBR","Europe",68179267,281.81403,39.504,NA,47587.168,0.24510054,6.3,NA,2.46,0.94
"460448","United Kingdom","2020-04-12",85229,4327,4661.4287,1250.0721,63.465042,68.37018,17085,1319,1282,250.58937,19.346058,18.80337,74.66597,5.3268924,10605.699,158.15364,21516,318.713,18406,272.645,3301,48.897,NA,NA,79.63,1.2133,365081,14506,5.426,0.216,16216,0.241,27.055779,3.72725,NA,NA,NA,NA,NA,NA,NA,NA,NA,NA,NA,NA,NA,"GBR","Europe",68179267,281.81403,39.504,NA,47587.168,0.24510054,6.3,NA,2.46,0.94
"460449","United Kingdom","2020-04-13",88814,3585,4605.5713,1302.654,52.581966,67.55091,18447,1362,1312.8572,270.56613,19.976748,19.255959,NA,NA,NA,NA,21144,313.203,17541,259.832,3277,48.542,NA,NA,79.63,1.1898,379649,14568,5.643,0.217,16252,0.242,27.239023,3.698896,NA,NA,NA,NA,NA,NA,NA,NA,NA,NA,NA,NA,NA,"GBR","Europe",68179267,281.81403,39.504,NA,47587.168,0.24510054,6.3,NA,2.46,0.94
"460450","United Kingdom","2020-04-14",92321,3507,4598.5713,1354.092,51.437923,67.448235,19823,1376,1335.2858,290.7482,20.182089,19.584923,NA,NA,NA,NA,21125,312.922,16488,244.234,3234,47.905,NA,NA,79.63,1.1705,395912,16263,5.884,0.242,16515,0.245,27.705362,3.6307611,NA,NA,NA,NA,NA,NA,NA,NA,NA,NA,NA,NA,NA,"GBR","Europe",68179267,281.81403,39.504,NA,47587.168,0.24510054,6.3,NA,2.46,0.94
"460451","United Kingdom","2020-04-15",96524,4203,4445.7144,1415.7383,61.646305,65.20625,21053,1230,1344.1428,308.78888,18.040674,19.714832,NA,NA,NA,NA,20440,302.775,15411,228.281,3228,47.816,NA,NA,79.63,1.1547,414469,18557,6.16,0.276,16817,0.25,27.973923,3.5893905,NA,NA,NA,NA,NA,NA,NA,NA,NA,NA,NA,NA,NA,"GBR","Europe",68179267,281.81403,39.504,NA,47587.168,0.24510054,6.3,NA,2.46,0.94
"460452","United Kingdom","2020-04-16",100859,4335,4282.5713,1479.3207,63.58238,62.813396,22305,1252,1338.4286,327.15225,18.363354,19.63102,NA,NA,NA,NA,20250,299.96,14785,219.008,3222,47.727,NA,NA,79.63,1.141,435389,20920,6.471,0.311,17178,0.255,28.00938,3.5836284,NA,NA,NA,NA,NA,NA,NA,NA,NA,NA,NA,NA,NA,"GBR","Europe",68179267,281.81403,39.504,NA,47587.168,0.24510054,6.3,NA,2.46,0.94
"460453","United Kingdom","2020-04-17",105929,5070,4271.7144,1553.6835,74.362785,62.654156,23580,1275,1312.1428,345.85294,18.700699,19.245481,NA,NA,NA,NA,19188,284.229,14290,211.676,3162,46.838,NA,NA,79.63,1.1278,456527,21138,6.785,0.314,17657,0.262,27.165785,3.6994827,NA,NA,NA,NA,NA,NA,NA,NA,NA,NA,NA,NA,NA,"GBR","Europe",68179267,281.81403,39.504,NA,47587.168,0.24510054,6.3,NA,2.46,0.94
"460454","United Kingdom","2020-04-18",111221,5292,4331.2856,1631.3024,77.618904,63.5279,24900,1320,1304.8572,365.21365,19.360723,19.13862,NA,NA,NA,NA,19318,286.155,13753,203.721,3247,48.097,NA,NA,79.63,1.1128,477776,21249,7.101,0.316,18172,0.27,26.331894,3.8173914,NA,NA,NA,NA,NA,NA,NA,NA,NA,NA,NA,NA,NA,"GBR","Europe",68179267,281.81403,39.504,NA,47587.168,0.24510054,6.3,NA,2.46,0.94
"460455","United Kingdom","2020-04-19",116198,4977,4424.143,1704.3011,72.99873,64.889854,26167,1267,1297.4286,383.79703,18.583363,19.029665,107.248795,11.081412,23383,348.69046,19428,287.784,13340,197.603,3176,47.046,NA,NA,79.63,1.0977,497092,19316,7.388,0.287,18859,0.28,25.576635,3.9293892,NA,NA,NA,NA,NA,NA,NA,NA,NA,NA,NA,NA,NA,"GBR","Europe",68179267,281.81403,39.504,NA,47587.168,0.24510054,6.3,NA,2.46,0.94
"460456","United Kingdom","2020-04-20",120942,4744,4589.7144,1773.8823,69.58127,67.31833,27355,1188,1272.5714,401.22168,17.424652,18.66508,NA,NA,NA,NA,19185,284.185,12906,191.175,3130,46.364,NA,NA,79.63,1.0811,532229,35137,7.911,0.522,21797,0.324,24.53637,4.1037216,NA,NA,NA,NA,NA,NA,NA,NA,NA,NA,NA,NA,NA,"GBR","Europe",68179267,281.81403,39.504,NA,47587.168,0.24510054,6.3,NA,2.46,0.94
"460457","United Kingdom","2020-04-21",124823,3881,4643.143,1830.8058,56.923462,68.101974,28477,1122,1236.2858,417.67828,16.456615,18.13287,NA,NA,NA,NA,18992,281.326,12521,185.472,3036,44.972,NA,NA,79.63,1.0655,554992,22763,8.249,0.338,22726,0.338,23.47725,4.2898927,NA,NA,NA,NA,NA,NA,NA,NA,NA,NA,NA,NA,NA,"GBR","Europe",68179267,281.81403,39.504,NA,47587.168,0.24510054,6.3,NA,2.46,0.94
"460458","United Kingdom","2020-04-22",129264,4441,4677.143,1895.943,65.1371,68.60066,29636,1159,1226.1428,434.6776,16.999302,17.984102,NA,NA,NA,NA,18383,272.305,12163,180.169,2964,43.905,NA,NA,79.63,1.052,578066,23074,8.592,0.343,23371,0.347,22.559645,4.463337,NA,NA,NA,NA,NA,NA,NA,NA,NA,NA,NA,NA,NA,"GBR","Europe",68179267,281.81403,39.504,NA,47587.168,0.24510054,6.3,NA,2.46,0.94
"460459","United Kingdom","2020-04-23",134060,4796,4743,1966.2869,70.34396,69.566605,30718,1082,1201.8572,450.54752,15.869927,17.627897,NA,NA,NA,NA,17719,262.469,11669,172.851,2867,42.468,NA,NA,79.63,1.0392,606093,28027,9.008,0.417,24386,0.362,21.77666,4.6248126,NA,NA,NA,NA,NA,NA,NA,NA,NA,NA,NA,NA,NA,"GBR","Europe",68179267,281.81403,39.504,NA,47587.168,0.24510054,6.3,NA,2.46,0.94
"460460","United Kingdom","2020-04-24",139577,5517,4806.857,2047.2059,80.91903,70.50321,31819,1101,1177,466.69614,16.148603,17.263313,NA,NA,NA,NA,16916,250.574,11228,166.319,2703,40.039,NA,NA,79.63,1.0269,634319,28226,9.428,0.42,25399,0.378,21.02418,4.789161,NA,NA,NA,NA,NA,NA,NA,NA,NA,NA,NA,NA,NA,"GBR","Europe",68179267,281.81403,39.504,NA,47587.168,0.24510054,6.3,NA,2.46,0.94
"460461","United Kingdom","2020-04-25",144743,5166,4788.857,2122.9768,75.770836,70.2392,32856,1037,1136.5714,481.90604,15.209903,16.670338,NA,NA,NA,NA,16458,243.79,10852,160.749,2702,40.024,NA,NA,79.63,1.0143,663377,29058,9.86,0.432,26514,0.394,20.199419,4.9807444,NA,NA,NA,NA,NA,NA,NA,NA,NA,NA,NA,NA,NA,"GBR","Europe",68179267,281.81403,39.504,NA,47587.168,0.24510054,6.3,NA,2.46,0.94
"460462","United Kingdom","2020-04-26",149704,4961,4786.5713,2195.7407,72.76405,70.20567,33860,1004,1099,496.63193,14.725884,16.11927,104.08455,16.04962,35777.7,533.5219,16410,243.079,10554,156.335,2580,38.217,NA,NA,79.63,1.0019,694987,31610,10.33,0.47,28271,0.42,19.266844,5.21554,NA,NA,NA,NA,NA,NA,NA,NA,NA,NA,NA,NA,NA,"GBR","Europe",68179267,281.81403,39.504,NA,47587.168,0.24510054,6.3,NA,2.46,0.94
"460463","United Kingdom","2020-04-27",153461,3757,4645.5713,2250.8455,55.10473,68.137596,34778,918,1060.4286,510.0964,13.464504,15.5535345,NA,NA,NA,NA,16524,244.768,10356,153.402,2460,36.44,NA,NA,79.63,0.9893,726553,31566,10.799,0.469,27761,0.413,18.64935,5.3907833,NA,NA,NA,NA,NA,NA,NA,NA,NA,NA,NA,NA,NA,"GBR","Europe",68179267,281.81403,39.504,NA,47587.168,0.24510054,6.3,NA,2.46,0.94
"460464","United Kingdom","2020-04-28",156937,3476,4587.7144,2301.8289,50.983242,67.288994,35672,894,1027.8572,523.2089,13.112491,15.075802,NA,NA,NA,NA,15746,233.243,10172,150.676,2353,34.855,NA,NA,79.63,0.9771,771817,45264,11.472,0.673,30975,0.46,17.846498,5.6560974,NA,NA,NA,NA,NA,NA,NA,NA,NA,NA,NA,NA,NA,"GBR","Europe",68179267,281.81403,39.504,NA,47587.168,0.24510054,6.3,NA,2.46,0.94
"460465","United Kingdom","2020-04-29",161676,4739,4630.2856,2371.3367,69.507935,67.9134,36538,866,986,535.9107,12.701809,14.461874,NA,NA,NA,NA,15392,227.999,10136,150.143,2286,33.862,NA,NA,79.63,0.9644,839597,67780,12.479,1.007,37362,0.555,16.75799,6.094982,NA,NA,NA,NA,NA,NA,NA,NA,NA,NA,NA,NA,NA,"GBR","Europe",68179267,281.81403,39.504,NA,47587.168,0.24510054,6.3,NA,2.46,0.94
"460466","United Kingdom","2020-04-30",166395,4719,4619.2856,2440.5513,69.21459,67.75206,37338,800,945.7143,547.6445,11.733772,13.8709955,NA,NA,NA,NA,15031,222.652,10065,149.091,2224,32.944,NA,NA,79.63,0.952,922684,83087,13.714,1.235,45227,0.672,15.438543,6.759187,NA,NA,NA,NA,NA,NA,NA,NA,NA,NA,NA,NA,NA,"GBR","Europe",68179267,281.81403,39.504,NA,47587.168,0.24510054,6.3,NA,2.46,0.94
"460467","United Kingdom","2020-05-01",171828,5433,4607.2856,2520.2383,79.68698,67.57605,38155,817,905.1429,559.6276,11.983115,13.275926,NA,NA,NA,NA,14591,216.134,9805,145.24,2178,32.262,NA,NA,79.63,0.9388,996826,74142,14.816,1.102,51787,0.77,14.005861,7.6100917,NA,NA,NA,NA,NA,NA,NA,NA,NA,NA,NA,NA,NA,"GBR","Europe",68179267,281.81403,39.504,NA,47587.168,0.24510054,6.3,NA,2.46,0.94
"460468","United Kingdom","2020-05-02",176789,4961,4578,2593.0024,72.76405,67.146515,38935,780,868.4286,571.06805,11.440428,12.737429,NA,NA,NA,NA,14244,210.994,9732,144.159,2068,30.633,NA,NA,79.63,0.9248,1060387,63561,15.761,0.945,56716,0.843,12.578745,8.58898,NA,NA,NA,NA,NA,NA,NA,NA,NA,NA,NA,NA,NA,"GBR","Europe",68179267,281.81403,39.504,NA,47587.168,0.24510054,6.3,NA,2.46,0.94
"460469","United Kingdom","2020-05-03",181555,4766,4550.143,2662.9062,69.903946,66.73792,39720,785,837.1429,582.5818,11.513764,12.278555,76.310814,18.97567,44459.2,662.9816,14057,208.224,9565,141.685,2009,29.759,NA,NA,79.63,0.9108,1128590,68203,16.774,1.014,61943,0.921,11.209411,9.689994,NA,NA,NA,NA,NA,NA,NA,NA,NA,NA,NA,NA,NA,"GBR","Europe",68179267,281.81403,39.504,NA,47587.168,0.24510054,6.3,NA,2.46,0.94
"460470","United Kingdom","2020-05-04",184813,3258,4478.857,2710.6921,47.78579,65.69236,40425,705,806.7143,592.9222,10.340387,11.8322525,NA,NA,NA,NA,13962,206.817,9277,137.419,1936,28.678,NA,NA,79.63,0.8971,1202251,73661,17.869,1.095,67957,1.01,9.760347,11.003858,NA,NA,NA,NA,NA,NA,NA,NA,NA,NA,NA,NA,NA,"GBR","Europe",68179267,281.81403,39.504,NA,47587.168,0.24510054,6.3,NA,2.46,0.94
"460471","United Kingdom","2020-05-05",187815,3002,4411.143,2754.7231,44.03098,64.69918,41086,661,773.4286,602.6172,9.695029,11.344044,NA,NA,NA,NA,13594,201.366,8904,131.894,1874,27.759,NA,NA,79.63,0.8855,1268054,65803,18.847,0.978,70891,1.054,8.533406,12.335167,NA,NA,NA,NA,NA,NA,NA,NA,NA,NA,NA,NA,NA,"GBR","Europe",68179267,281.81403,39.504,NA,47587.168,0.24510054,6.3,NA,2.46,0.94
"460472","United Kingdom","2020-05-06",191213,3398,4219.5713,2804.5623,49.8392,61.889362,41762,676,746.2857,612.5322,9.915038,10.945933,NA,NA,NA,NA,13019,192.849,8616,127.628,1802,26.693,NA,NA,79.63,0.8763,1343722,75668,19.972,1.125,72018,1.07,7.5999794,13.620676,NA,NA,NA,NA,NA,NA,NA,NA,NA,NA,NA,NA,NA,"GBR","Europe",68179267,281.81403,39.504,NA,47587.168,0.24510054,6.3,NA,2.46,0.94
"460473","United Kingdom","2020-05-07",194899,3686,4072,2858.6257,54.063354,59.724903,42404,642,723.7143,621.9486,9.416352,10.614873,NA,NA,NA,NA,12501,185.175,8344,123.598,1685,24.96,NA,NA,79.63,0.8683,1420462,76740,21.112,1.141,71111,1.057,6.958937,14.716747,NA,NA,NA,NA,NA,NA,NA,NA,NA,NA,NA,NA,NA,"GBR","Europe",68179267,281.81403,39.504,NA,47587.168,0.24510054,6.3,NA,2.46,0.94
"460474","United Kingdom","2020-05-08",198731,3832,3843.2856,2914.8303,56.20477,56.3703,43031,627,696.5714,631.14496,9.196344,10.2167635,NA,NA,NA,NA,11933,176.762,7996,118.444,1642,24.323,NA,NA,79.63,0.8612,1495302,74840,22.225,1.112,71211,1.058,6.4589987,15.757953,NA,NA,NA,NA,NA,NA,NA,NA,NA,NA,NA,NA,NA,"GBR","Europe",68179267,281.81403,39.504,NA,47587.168,0.24510054,6.3,NA,2.46,0.94
"460475","United Kingdom","2020-05-09",202518,3787,3675.5715,2970.3752,55.544746,53.910397,43660,629,675,640.3706,9.225678,9.900371,NA,NA,NA,NA,11887,176.08,7755,114.874,1585,23.478,NA,NA,79.63,0.8552,1569888,74586,23.333,1.109,72786,1.082,6.02729,16.81707,NA,NA,NA,NA,NA,NA,NA,NA,NA,NA,NA,NA,NA,"GBR","Europe",68179267,281.81403,39.504,NA,47587.168,0.24510054,6.3,NA,2.46,0.94
"460476","United Kingdom","2020-05-10",205582,3064,3432.4285,3015.3154,44.94035,50.34417,44228,568,644,648.7016,8.330978,9.445686,31.75895,19.546448,47936.9,714.8416,11595,171.755,7478,110.771,1538,22.782,NA,NA,79.63,0.8512,1643429,73541,24.426,1.093,73548,1.093,5.644608,17.933352,NA,NA,NA,NA,NA,NA,NA,NA,NA,NA,NA,NA,NA,"GBR","Europe",68179267,281.81403,39.504,NA,47587.168,0.24510054,6.3,NA,2.46,0.94
"460477","United Kingdom","2020-05-11",207752,2170,3277,3047.1433,31.827858,48.064465,44767,539,620.2857,656.60724,7.905629,9.097864,NA,NA,NA,NA,11832,175.266,7259,107.527,1485,21.997,NA,NA,77.78,0.8463,1710628,67199,25.425,0.999,72625,1.079,5.3476796,18.931808,NA,NA,NA,NA,NA,NA,NA,NA,NA,NA,NA,NA,NA,"GBR","Europe",68179267,281.81403,39.504,NA,47587.168,0.24510054,6.3,NA,2.46,0.94
"460478","United Kingdom","2020-05-12",210089,2337,3182,3081.4207,34.277283,46.67108,45260,493,596.2857,663.8382,7.230937,8.7458515,NA,NA,NA,NA,11457,169.711,7096,105.112,1414,20.945,NA,NA,77.78,0.8404,1782996,72368,26.501,1.076,73563,1.093,5.0766954,19.938606,NA,NA,NA,NA,NA,NA,NA,NA,NA,NA,NA,NA,NA,"GBR","Europe",68179267,281.81403,39.504,NA,47587.168,0.24510054,6.3,NA,2.46,0.94
"460479","United Kingdom","2020-05-13",213701,3612,3212.5715,3134.3987,52.97798,47.119476,45687,427,560.7143,670.1011,6.262901,8.224117,NA,NA,NA,NA,11213,166.097,6864,101.675,1342,19.879,NA,NA,71.3,0.8327,1864403,81407,27.711,1.21,74383,1.106,4.856683,20.808052,NA,NA,NA,NA,NA,NA,NA,NA,NA,NA,NA,NA,NA,"GBR","Europe",68179267,281.81403,39.504,NA,47587.168,0.24510054,6.3,NA,2.46,0.94
"460480","United Kingdom","2020-05-14",217111,3410,3173.1428,3184.4138,50.015205,46.54117,46128,441,532,676.56934,6.468242,7.8029585,NA,NA,NA,NA,10804,160.038,6606,97.854,1314,19.464,NA,NA,71.3,0.8256,1946011,81608,28.924,1.213,75078,1.116,4.642426,21.693344,NA,NA,NA,NA,NA,NA,NA,NA,NA,NA,NA,NA,NA,"GBR","Europe",68179267,281.81403,39.504,NA,47587.168,0.24510054,6.3,NA,2.46,0.94
"460481","United Kingdom","2020-05-15",220441,3330,3101.4285,3233.2556,48.841827,45.489323,46582,454,507.2857,683.2282,6.658916,7.440469,NA,NA,NA,NA,10577,156.676,6559,97.158,1337,19.805,NA,NA,71.3,0.8202,2034056,88045,30.232,1.309,76965,1.144,4.447086,22.59153,NA,NA,NA,NA,NA,NA,NA,NA,NA,NA,NA,NA,NA,"GBR","Europe",68179267,281.81403,39.504,NA,47587.168,0.24510054,6.3,NA,2.46,0.94
"460482","United Kingdom","2020-05-16",223071,2630,2936.1428,3271.8303,38.574776,43.06504,47047,465,483.85715,690.04846,6.8202553,7.096837,NA,NA,NA,NA,10126,149.995,6436,95.336,1234,18.279,NA,NA,71.3,0.8167,2122318,88262,31.544,1.312,78919,1.173,4.2571745,23.602362,NA,NA,NA,NA,NA,NA,NA,NA,NA,NA,NA,NA,NA,"GBR","Europe",68179267,281.81403,39.504,NA,47587.168,0.24510054,6.3,NA,2.46,0.94
"460483","United Kingdom","2020-05-17",225601,2530,2859.8572,3308.9385,37.108055,41.94614,47468,421,462.85715,696.2234,6.1748977,6.7888255,41.145878,20.522919,52714.8,786.0903,10088,149.432,6316,93.558,1196,17.716,NA,NA,71.3,0.8126,2197608,75290,32.663,1.119,79168,1.177,4.106527,24.495949,NA,NA,NA,NA,NA,NA,NA,NA,NA,NA,NA,NA,NA,"GBR","Europe",68179267,281.81403,39.504,NA,47587.168,0.24510054,6.3,NA,2.46,0.94
"460484","United Kingdom","2020-05-18",227683,2082,2847.2856,3339.4756,30.537142,41.761753,47887,419,445.7143,702.36896,6.145563,6.5373874,NA,NA,NA,NA,10126,149.995,6134,90.862,1141,16.901,NA,NA,71.3,0.8097,2260688,63080,33.601,0.938,78580,1.168,3.9795558,25.272545,NA,NA,NA,NA,NA,NA,NA,NA,NA,NA,NA,NA,NA,"GBR","Europe",68179267,281.81403,39.504,NA,47587.168,0.24510054,6.3,NA,2.46,0.94
"460485","United Kingdom","2020-05-19",229520,1837,2775.8572,3366.4192,26.943674,40.714096,48264,377,429.14285,707.8985,5.52954,6.2943306,NA,NA,NA,NA,9908,146.766,6028,89.292,1106,16.383,NA,NA,71.3,0.8054,2332060,71372,34.661,1.061,78438,1.166,3.8671806,26.00665,NA,NA,NA,NA,NA,NA,NA,NA,NA,NA,NA,NA,NA,"GBR","Europe",68179267,281.81403,39.504,NA,47587.168,0.24510054,6.3,NA,2.46,0.94
"460486","United Kingdom","2020-05-20",232101,2581,2628.5715,3404.2754,37.856083,38.553825,48671,407,426.2857,713.86804,5.969557,6.2524242,NA,NA,NA,NA,9468,140.248,5913,87.588,1034,15.316,NA,NA,71.3,0.7994,2413462,81402,35.871,1.21,78437,1.166,3.7289276,26.961857,NA,NA,NA,NA,NA,NA,NA,NA,NA,NA,NA,NA,NA,"GBR","Europe",68179267,281.81403,39.504,NA,47587.168,0.24510054,6.3,NA,2.46,0.94
"460487","United Kingdom","2020-05-21",235164,3063,2579,3449.2012,44.925682,37.826748,49042,371,416.2857,719.3096,5.441537,6.1057525,NA,NA,NA,NA,9199,136.263,5846,86.596,1008,14.931,NA,NA,71.3,0.7922,2506869,93407,37.26,1.388,80123,1.191,3.5849762,28.02,NA,NA,NA,NA,NA,NA,NA,NA,NA,NA,NA,NA,NA,"GBR","Europe",68179267,281.81403,39.504,NA,47587.168,0.24510054,6.3,NA,2.46,0.94
"460488","United Kingdom","2020-05-22",237883,2719,2491.7144,3489.0813,39.880157,36.54651,49395,353,401.85715,724.4871,5.177527,5.8941255,NA,NA,NA,NA,9096,134.738,5724,84.789,964,14.28,NA,NA,71.3,0.7848,2590930,84061,38.509,1.249,79553,1.182,3.4567595,29.035862,NA,NA,NA,NA,NA,NA,NA,NA,NA,NA,NA,NA,NA,"GBR","Europe",68179267,281.81403,39.504,NA,47587.168,0.24510054,6.3,NA,2.46,0.94
"460489","United Kingdom","2020-05-23",240450,2567,2482.7144,3526.732,37.65074,36.414505,49737,342,384.2857,729.5033,5.0161877,5.636401,NA,NA,NA,NA,8725,129.242,5555,82.285,928,13.746,NA,NA,71.3,0.7779,2670829,79899,39.697,1.188,78359,1.165,3.3778927,29.704914,NA,NA,NA,NA,NA,NA,NA,NA,NA,NA,NA,NA,NA,"GBR","Europe",68179267,281.81403,39.504,NA,47587.168,0.24510054,6.3,NA,2.46,0.94
"460490","United Kingdom","2020-05-24",242507,2057,2415.1428,3556.9023,30.170462,35.42342,50037,300,367,733.90344,4.4001646,5.3828683,22.014446,20.585995,55211.7,823.3244,8725,129.242,5353,79.293,886,13.124,NA,NA,71.3,0.7729,2722676,51847,40.467,0.771,75010,1.115,3.3218029,30.187159,NA,NA,NA,NA,NA,NA,NA,NA,NA,NA,NA,NA,NA,"GBR","Europe",68179267,281.81403,39.504,NA,47587.168,0.24510054,6.3,NA,2.46,0.94
"460491","United Kingdom","2020-05-25",244039,1532,2336.5715,3579.3726,22.470175,34.270996,50321,284,347.7143,738.069,4.165489,5.1000004,NA,NA,NA,NA,8744,129.524,5110,75.694,863,12.783,NA,NA,71.3,0.7683,2859563,136887,42.502,2.035,85554,1.272,3.1943293,31.475296,NA,NA,NA,NA,NA,NA,NA,NA,NA,NA,NA,NA,NA,"GBR","Europe",68179267,281.81403,39.504,NA,47587.168,0.24510054,6.3,NA,2.46,0.94
"460492","United Kingdom","2020-05-26",245412,1373,2270.2856,3599.5107,20.138086,33.29877,50602,281,334,742.1904,4.1214876,4.89885,NA,NA,NA,NA,8641,127.998,4930,73.027,847,12.546,NA,NA,71.3,0.7644,2923504,63941,43.452,0.95,84492,1.256,3.0726242,32.755188,NA,NA,NA,NA,NA,NA,NA,NA,NA,NA,NA,NA,NA,"GBR","Europe",68179267,281.81403,39.504,NA,47587.168,0.24510054,6.3,NA,2.46,0.94
"460493","United Kingdom","2020-05-27",247037,1625,2133.7144,3623.345,23.834225,31.295647,50881,279,315.7143,746.2826,4.092153,4.6306496,NA,NA,NA,NA,8131,120.443,4789,70.939,783,11.598,NA,NA,71.3,0.7628,2993833,70329,44.497,1.045,82910,1.232,2.9615302,34.043327,NA,NA,NA,NA,NA,NA,NA,NA,NA,NA,NA,NA,NA,"GBR","Europe",68179267,281.81403,39.504,NA,47587.168,0.24510054,6.3,NA,2.46,0.94
"460494","United Kingdom","2020-05-28",249107,2070,1991.8572,3653.706,30.361135,29.214998,51180,299,305.42856,750.6681,4.3854976,4.479787,NA,NA,NA,NA,7819,115.822,4653,68.924,751,11.124,NA,NA,71.3,0.7618,3078468,84635,45.755,1.258,81657,1.214,2.8501725,35.461605,NA,NA,NA,NA,NA,NA,NA,NA,NA,NA,NA,NA,NA,"GBR","Europe",68179267,281.81403,39.504,NA,47587.168,0.24510054,6.3,NA,2.46,0.94
"460495","United Kingdom","2020-05-29",250932,1825,1864.1428,3680.4736,26.767668,27.341785,51461,281,295.14285,754.78955,4.1214876,4.3289237,NA,NA,NA,NA,7504,111.156,4527,67.058,719,10.65,NA,NA,69.44,0.7612,3174018,95550,47.176,1.42,83298,1.238,2.7224264,37.28408,NA,NA,NA,NA,NA,NA,NA,NA,NA,NA,NA,NA,NA,"GBR","Europe",68179267,281.81403,39.504,NA,47587.168,0.24510054,6.3,NA,2.46,0.94
"460496","United Kingdom","2020-05-30",252689,1757,1748.4286,3706.244,25.770298,25.644579,51749,288,287.42856,759.01373,4.2241583,4.215777,NA,NA,NA,NA,7184,106.416,4451,65.932,704,10.428,NA,NA,69.44,0.7617,3263888,89870,48.511,1.336,84723,1.259,2.5646143,39.697628,NA,NA,NA,NA,NA,NA,NA,NA,NA,NA,NA,NA,NA,"GBR","Europe",68179267,281.81403,39.504,NA,47587.168,0.24510054,6.3,NA,2.46,0.94
"460497","United Kingdom","2020-05-31",254220,1531,1673.2858,3728.6995,22.455507,24.542442,52003,254,280.85715,762.7392,3.7254727,4.1193924,18.46712,20.513424,56968.2,849.5176,7154,105.971,4394,65.088,679,10.058,NA,NA,69.44,0.762,3339151,75263,49.63,1.119,88068,1.309,2.376076,42.779564,NA,NA,NA,NA,NA,NA,NA,NA,NA,NA,NA,NA,NA,"GBR","Europe",68179267,281.81403,39.504,NA,47587.168,0.24510054,6.3,NA,2.46,0.94
"460498","United Kingdom","2020-06-01",255352,1132,1616.1428,3745.3027,16.603289,23.704315,52222,219,271.57144,765.95135,3.2121203,3.9831967,NA,NA,NA,NA,7171,106.223,4403,65.221,652,9.658,NA,NA,67.59,0.7628,3403873,64722,50.592,0.962,77759,1.156,2.282832,44.422245,NA,NA,NA,NA,NA,NA,NA,NA,NA,NA,NA,NA,NA,"GBR","Europe",68179267,281.81403,39.504,NA,47587.168,0.24510054,6.3,NA,2.46,0.94
"460499","United Kingdom","2020-06-02",256432,1080,1574.2858,3761.1433,15.840592,23.090387,52417,195,259.2857,768.81146,2.860107,3.8029995,NA,NA,NA,NA,7014,103.897,4376,64.821,636,9.421,NA,NA,67.59,0.7631,3490527,86654,51.88,1.288,81003,1.204,2.1766188,46.45615,NA,NA,NA,NA,NA,NA,NA,NA,NA,NA,NA,NA,NA,"GBR","Europe",68179267,281.81403,39.504,NA,47587.168,0.24510054,6.3,NA,2.46,0.94
"460500","United Kingdom","2020-06-03",257871,1439,1547.7142,3782.2495,21.106123,22.700659,52616,199,247.85715,771.7302,2.9187758,3.635374,NA,NA,NA,NA,6750,99.987,4302,63.725,602,8.917,NA,NA,67.59,0.7645,3587330,96803,53.319,1.439,84785,1.26,2.0697513,48.73096,NA,NA,NA,NA,NA,NA,NA,NA,NA,NA,NA,NA,NA,"GBR","Europe",68179267,281.81403,39.504,NA,47587.168,0.24510054,6.3,NA,2.46,0.94
"460501","United Kingdom","2020-06-04",259363,1492,1465.1428,3804.133,21.883486,21.489567,52849,233,238.42857,775.14764,3.4174612,3.4970832,NA,NA,NA,NA,6525,96.654,4166,61.71,571,8.458,NA,NA,67.59,0.7663,3682775,95445,54.737,1.419,86330,1.283,1.963729,51.291985,NA,NA,NA,NA,NA,NA,NA,NA,NA,NA,NA,NA,NA,"GBR","Europe",68179267,281.81403,39.504,NA,47587.168,0.24510054,6.3,NA,2.46,0.94
"460502","United Kingdom","2020-06-05",260732,1369,1400,3824.2124,20.079418,20.534101,53052,203,227.28572,778.1251,2.9774446,3.3336484,NA,NA,NA,NA,6325,93.691,4028,59.666,554,8.206,NA,NA,67.59,0.7683,3782412,99637,56.218,1.481,86913,1.292,1.8741413,53.77718,NA,NA,NA,NA,NA,NA,NA,NA,NA,NA,NA,NA,NA,"GBR","Europe",68179267,281.81403,39.504,NA,47587.168,0.24510054,6.3,NA,2.46,0.94
"460503","United Kingdom","2020-06-06",261981,1249,1327.4286,3842.5317,18.319351,19.46968,53235,183,212.28572,780.8092,2.6841004,3.1136403,NA,NA,NA,NA,6097,90.314,3870,57.326,540,7.999,NA,NA,67.59,0.771,3873426,91014,57.571,1.353,87077,1.294,1.7971028,56.22598,NA,NA,NA,NA,NA,NA,NA,NA,NA,NA,NA,NA,NA,"GBR","Europe",68179267,281.81403,39.504,NA,47587.168,0.24510054,6.3,NA,2.46,0.94
"460504","United Kingdom","2020-06-07",263104,1123,1269.1428,3859.0032,16.471283,18.614792,53419,184,202.28572,783.508,2.6987677,2.966968,6.30955,19.95394,57686.7,860.23193,5892,87.277,3748,55.519,515,7.629,NA,NA,67.59,0.7758,3957326,83900,58.818,1.247,88311,1.313,1.7309794,58.64761,NA,NA,NA,NA,NA,NA,NA,NA,NA,NA,NA,NA,NA,"GBR","Europe",68179267,281.81403,39.504,NA,47587.168,0.24510054,6.3,NA,2.46,0.94
"460505","United Kingdom","2020-06-08",263908,804,1222.2858,3870.7954,11.792441,17.927528,53570,151,192.57143,785.7227,2.2147496,2.8244867,NA,NA,NA,NA,5879,87.085,3553,52.63,509,7.54,NA,NA,73.15,0.782,4059548,102222,60.337,1.519,93668,1.392,1.6204813,62.72183,NA,NA,NA,NA,NA,NA,NA,NA,NA,NA,NA,NA,NA,"GBR","Europe",68179267,281.81403,39.504,NA,47587.168,0.24510054,6.3,NA,2.46,0.94
"460506","United Kingdom","2020-06-09",264630,722,1171.1428,3881.3853,10.589729,17.177404,53733,163,188,788.11346,2.3907561,2.7574365,NA,NA,NA,NA,5684,84.196,3374,49.979,491,7.273,NA,NA,73.15,0.7885,4151154,91606,61.699,1.362,94375,1.403,1.5201178,66.88324,NA,NA,NA,NA,NA,NA,NA,NA,NA,NA,NA,NA,NA,"GBR","Europe",68179267,281.81403,39.504,NA,47587.168,0.24510054,6.3,NA,2.46,0.94
"460507","United Kingdom","2020-06-10",265729,1099,1122.5714,3897.5044,16.11927,16.464996,53894,161,182.57143,790.4749,2.3614216,2.6778145,NA,NA,NA,NA,5423,80.33,3248,48.112,439,6.503,NA,NA,73.15,0.7952,4249081,97927,63.154,1.455,94536,1.405,1.4289744,71.08795,NA,NA,NA,NA,NA,NA,NA,NA,NA,NA,NA,NA,NA,"GBR","Europe",68179267,281.81403,39.504,NA,47587.168,0.24510054,6.3,NA,2.46,0.94
"460508","United Kingdom","2020-06-11",266894,1165,1075.8572,3914.5918,17.087307,15.779828,54031,137,168.85715,792.4843,2.0094085,2.476664,NA,NA,NA,NA,5132,76.02,3128,46.335,390,5.777,NA,NA,73.15,0.7992,4349254,100173,64.643,1.489,95211,1.415,1.34795,75.31299,NA,NA,NA,NA,NA,NA,NA,NA,NA,NA,NA,NA,NA,"GBR","Europe",68179267,281.81403,39.504,NA,47587.168,0.24510054,6.3,NA,2.46,0.94
"460509","United Kingdom","2020-06-12",268090,1196,1051.1428,3932.1338,17.54199,15.417338,54197,166,163.57143,794.91907,2.4347577,2.3991375,NA,NA,NA,NA,5045,74.731,3048,45.15,393,5.821,NA,NA,73.15,0.8039,4445275,96021,66.07,1.427,94695,1.407,1.2764106,79.31398,NA,NA,NA,NA,NA,NA,NA,NA,NA,NA,NA,NA,NA,"GBR","Europe",68179267,281.81403,39.504,NA,47587.168,0.24510054,6.3,NA,2.46,0.94
"460510","United Kingdom","2020-06-13",269103,1013,1017.4286,3946.9917,14.857889,14.922844,54318,121,154.71428,796.6938,1.7747331,2.2692277,NA,NA,NA,NA,4898,72.553,3027,44.839,390,5.777,NA,NA,73.15,0.8077,4542174,96899,67.51,1.44,95535,1.42,1.2107747,83.35687,NA,NA,NA,NA,NA,NA,NA,NA,NA,NA,NA,NA,NA,"GBR","Europe",68179267,281.81403,39.504,NA,47587.168,0.24510054,6.3,NA,2.46,0.94
"460511","United Kingdom","2020-06-14",270156,1053,1007.4286,3962.4363,15.444578,14.776172,54453,135,147.71428,798.6739,1.980074,2.1665573,4.9796076,19.416325,58222.8,868.2263,4866,72.079,2986,44.231,393,5.821,NA,NA,73.15,0.8123,4609714,67540,68.514,1.004,93198,1.385,1.1598928,86.63224,NA,NA,NA,NA,NA,NA,NA,NA,NA,NA,NA,NA,NA,"GBR","Europe",68179267,281.81403,39.504,NA,47587.168,0.24510054,6.3,NA,2.46,0.94
"460512","United Kingdom","2020-06-15",271042,886,1019.1429,3975.4314,12.995152,14.947988,54554,101,140.57143,800.1553,1.4813888,2.0617914,NA,NA,NA,NA,4829,71.531,3015,44.661,385,5.703,NA,NA,71.3,0.8154,4677522,67808,69.522,1.008,88282,1.312,1.1383934,88.059425,NA,NA,NA,NA,NA,NA,NA,NA,NA,NA,NA,NA,NA,"GBR","Europe",68179267,281.81403,39.504,NA,47587.168,0.24510054,6.3,NA,2.46,0.94
"460513","United Kingdom","2020-06-16",271868,826,1034,3987.5466,12.11512,15.165901,54690,136,136.71428,802.15,1.9947413,2.0052178,NA,NA,NA,NA,4825,71.472,2982,44.172,378,5.599,NA,NA,71.3,0.8174,4756484,78962,70.696,1.174,86476,1.285,1.1319308,88.49497,NA,NA,NA,NA,NA,NA,NA,NA,NA,NA,NA,NA,NA,"GBR","Europe",68179267,281.81403,39.504,NA,47587.168,0.24510054,6.3,NA,2.46,0.94
"460514","United Kingdom","2020-06-17",272913,1045,1026.2858,4002.8738,15.32724,15.052753,54797,107,129,803.7194,1.5693921,1.8920708,NA,NA,NA,NA,4687,69.428,2906,43.046,357,5.288,NA,NA,71.3,0.8188,4840348,83864,71.942,1.246,84467,1.255,1.135868,88.222084,NA,NA,NA,NA,NA,NA,NA,NA,NA,NA,NA,NA,NA,"GBR","Europe",68179267,281.81403,39.504,NA,47587.168,0.24510054,6.3,NA,2.46,0.94
"460515","United Kingdom","2020-06-18",274016,1103,1017.4286,4019.0518,16.177938,14.922844,54917,120,126.57143,805.4795,1.7600659,1.8564504,NA,NA,NA,NA,4530,67.102,2865,42.439,352,5.214,NA,NA,71.3,0.8183,4930797,90449,73.287,1.344,83078,1.235,1.1493958,87.24452,NA,NA,NA,NA,NA,NA,NA,NA,NA,NA,NA,NA,NA,"GBR","Europe",68179267,281.81403,39.504,NA,47587.168,0.24510054,6.3,NA,2.46,0.94
"460516","United Kingdom","2020-06-19",275033,1017,991.8571,4033.9683,14.916558,14.547783,55022,105,117.85714,807.01953,1.5400577,1.7286361,NA,NA,NA,NA,4389,65.014,2810,41.624,330,4.888,NA,NA,71.3,0.8156,5017988,87191,74.582,1.296,81816,1.216,1.1640061,86.15881,NA,NA,NA,NA,NA,NA,NA,NA,NA,NA,NA,NA,NA,"GBR","Europe",68179267,281.81403,39.504,NA,47587.168,0.24510054,6.3,NA,2.46,0.94
"460517","United Kingdom","2020-06-20",276055,1022,993.1429,4048.9583,14.989894,14.56664,55111,89,113.28571,808.3249,1.3053821,1.6615859,NA,NA,NA,NA,4225,62.584,2679,39.684,346,5.125,NA,NA,71.3,0.8121,5098834,80846,75.784,1.202,79523,1.182,1.1902769,84.18361,NA,NA,NA,NA,NA,NA,NA,NA,NA,NA,NA,NA,NA,"GBR","Europe",68179267,281.81403,39.504,NA,47587.168,0.24510054,6.3,NA,2.46,0.94
"460518","United Kingdom","2020-06-21",277048,993,984.5714,4063.5227,14.564545,14.440921,55199,88,106.57143,809.6156,1.290715,1.5631061,-0.6309331,18.721773,58154.9,867.2138,4192,62.095,2600,38.513,310,4.592,NA,NA,71.3,0.8102,5156119,57285,76.636,0.851,78058,1.16,1.2160451,82.29367,NA,NA,NA,NA,NA,NA,NA,NA,NA,NA,NA,NA,NA,"GBR","Europe",68179267,281.81403,39.504,NA,47587.168,0.24510054,6.3,NA,2.46,0.94
"460519","United Kingdom","2020-06-22",277731,683,955.5714,4073.5405,10.017708,14.015572,55286,87,104.57143,810.89166,1.2760477,1.5337716,NA,NA,NA,NA,4251,62.969,2552,37.802,340,5.036,NA,NA,71.3,0.809,5219161,63042,77.573,0.937,77377,1.15,1.2275505,81.48664,NA,NA,NA,NA,NA,NA,NA,NA,NA,NA,NA,NA,NA,"GBR","Europe",68179267,281.81403,39.504,NA,47587.168,0.24510054,6.3,NA,2.46,0.94
"460520","United Kingdom","2020-06-23",278367,636,928.4286,4082.8687,9.328349,13.617462,55366,80,96.57143,812.06506,1.1733773,1.4164339,NA,NA,NA,NA,4103,60.777,2457,36.395,311,4.607,NA,NA,71.3,0.8072,5285917,66756,78.565,0.992,75633,1.124,1.2320987,81.17678,NA,NA,NA,NA,NA,NA,NA,NA,NA,NA,NA,NA,NA,"GBR","Europe",68179267,281.81403,39.504,NA,47587.168,0.24510054,6.3,NA,2.46,0.94
"460521","United Kingdom","2020-06-24",279266,899,907.5714,4096.0547,13.185826,13.311545,55449,83,93.14286,813.2824,1.2173789,1.3661463,NA,NA,NA,NA,4003,59.296,2393,35.447,316,4.681,NA,NA,71.3,0.8052,5373957,88040,79.873,1.309,76230,1.133,1.2286067,81.41818,NA,NA,NA,NA,NA,NA,NA,NA,NA,NA,NA,NA,NA,"GBR","Europe",68179267,281.81403,39.504,NA,47587.168,0.24510054,6.3,NA,2.46,0.94
"460522","United Kingdom","2020-06-25",280149,883,876.1429,4109.006,12.951151,12.850576,55546,97,89.85714,814.70514,1.42272,1.3179541,NA,NA,NA,NA,3820,56.585,2314,34.277,276,4.088,NA,NA,71.3,0.8018,5510701,136744,81.906,2.032,82843,1.231,1.2047392,83.26094,NA,NA,NA,NA,NA,NA,NA,NA,NA,NA,NA,NA,NA,"GBR","Europe",68179267,281.81403,39.504,NA,47587.168,0.24510054,6.3,NA,2.46,0.94
"460523","United Kingdom","2020-06-26",280926,777,841.8571,4120.4023,11.396426,12.3477,55647,101,89.28571,816.1865,1.4813888,1.3095728,NA,NA,NA,NA,3596,53.267,2314,34.277,268,3.97,NA,NA,71.3,0.7989,5604093,93392,83.294,1.388,83729,1.244,1.1751895,85.6852,NA,NA,NA,NA,NA,NA,NA,NA,NA,NA,NA,NA,NA,"GBR","Europe",68179267,281.81403,39.504,NA,47587.168,0.24510054,6.3,NA,2.46,0.94
"460524","United Kingdom","2020-06-27",281652,726,799.5714,4131.051,10.648398,11.727487,55755,108,92,817.77057,1.5840592,1.3493838,NA,NA,NA,NA,3523,52.186,2346,34.751,270,3.999,NA,NA,71.3,0.7965,5694990,90897,84.645,1.351,85165,1.266,1.1309003,89.462524,NA,NA,NA,NA,NA,NA,NA,NA,NA,NA,NA,NA,NA,"GBR","Europe",68179267,281.81403,39.504,NA,47587.168,0.24510054,6.3,NA,2.46,0.94
"460525","United Kingdom","2020-06-28",282318,666,752.8571,4140.819,9.768366,11.042318,55834,79,90.71429,818.9293,1.15871,1.330526,-3.6119714,17.98027,57769.6,861.46814,3535,52.363,2268,33.596,270,3.999,NA,NA,71.3,0.7957,5760203,65213,85.614,0.969,86298,1.283,1.0753372,94.51197,NA,NA,NA,NA,NA,NA,NA,NA,NA,NA,NA,NA,NA,"GBR","Europe",68179267,281.81403,39.504,NA,47587.168,0.24510054,6.3,NA,2.46,0.94
"460526","United Kingdom","2020-06-29",282971,653,748.5714,4150.3965,9.577692,10.979459,55907,73,88.71429,820,1.0707067,1.3011916,NA,NA,NA,NA,3728,55.222,2096,31.048,262,3.881,NA,NA,71.3,0.7977,5825239,65036,86.581,0.967,86583,1.287,1.0224252,99.46764,NA,NA,NA,NA,NA,NA,NA,NA,NA,NA,NA,NA,NA,"GBR","Europe",68179267,281.81403,39.504,NA,47587.168,0.24510054,6.3,NA,2.46,0.94
"460527","United Kingdom","2020-06-30",283420,449,721.8571,4156.9824,6.58558,10.587634,55977,70,87.28571,821.02673,1.026705,1.2802384,NA,NA,NA,NA,3361,49.786,2031,30.085,279,4.133,NA,NA,71.3,0.7993,5922583,97344,88.028,1.447,90952,1.352,0.96044284,105.82961,NA,NA,NA,NA,NA,NA,NA,NA,NA,NA,NA,NA,NA,"GBR","Europe",68179267,281.81403,39.504,NA,47587.168,0.24510054,6.3,NA,2.46,0.94
"460528","United Kingdom","2020-07-01",284144,724,696.8571,4167.601,10.619064,10.220954,56046,69,85.28571,822.03876,1.0120379,1.250904,NA,NA,NA,NA,3176,47.046,1935,28.663,259,3.837,NA,NA,71.3,0.8075,6035588,113005,89.707,1.68,94519,1.405,0.89568526,113.207146,NA,NA,NA,NA,NA,NA,NA,NA,NA,NA,NA,NA,NA,"GBR","Europe",68179267,281.81403,39.504,NA,47587.168,0.24510054,6.3,NA,2.46,0.94
